{
  "schemaVersion": 1,
  "generatedAt": "2026-07-12T02:58:47.823Z",
  "node": "v24.18.0",
  "platform": "darwin",
  "arch": "arm64",
  "environment": {
    "os": "darwin",
    "osVersion": "25.4.0",
    "cpu": "Apple M1 Max",
    "cpuCount": 10,
    "lockDigest": "sha256:92e8687e0f145c18da408c1f2b2091f75c37fd10af0a75494b6f43b0f1b3fbc1",
    "repository": {
      "revision": "159878abf0093592ccb2ce7b691d14fb84b7ce0a",
      "ref": "main",
      "dirty": true,
      "source": "git"
    }
  },
  "samples": 10,
  "warmup": 3,
  "scenarios": [
    "registry-list",
    "schema-error",
    "fifo-queue",
    "snapshot-target",
    "provider-capability-read",
    "stdio-handshake"
  ],
  "results": {
    "registry-list": {
      "samples": 10,
      "rawSamples": [
        0.02695800000003601,
        0.019124999999917236,
        0.014874999999960892,
        0.015750000000025466,
        0.01850000000001728,
        0.021917000000030384,
        0.020875000000046384,
        0.010667000000012195,
        0.010999999999967258,
        0.011083999999982552
      ],
      "statistics": {
        "minMs": 0.010667000000012195,
        "medianMs": 0.01850000000001728,
        "p95Ms": 0.02695800000003601,
        "maxMs": 0.02695800000003601
      },
      "minMs": 0.010667000000012195,
      "medianMs": 0.01850000000001728,
      "p95Ms": 0.02695800000003601,
      "maxMs": 0.02695800000003601,
      "correctness": {
        "targetCount": 8,
        "bytes": 2750
      }
    },
    "schema-error": {
      "samples": 10,
      "rawSamples": [
        0.34829099999990376,
        0.26937499999996817,
        0.24983300000008057,
        0.2616249999999809,
        0.26099999999996726,
        0.27491599999996197,
        0.2727909999999838,
        0.24070800000004056,
        0.23599999999999,
        0.22137499999996635
      ],
      "statistics": {
        "minMs": 0.22137499999996635,
        "medianMs": 0.2616249999999809,
        "p95Ms": 0.34829099999990376,
        "maxMs": 0.34829099999990376
      },
      "minMs": 0.22137499999996635,
      "medianMs": 0.2616249999999809,
      "p95Ms": 0.34829099999990376,
      "maxMs": 0.34829099999990376,
      "correctness": {
        "invalidStatus": "invalid-args",
        "signalCode": "engine-error"
      }
    },
    "fifo-queue": {
      "samples": 10,
      "rawSamples": [
        0.18849999999997635,
        0.11287500000003092,
        0.06749999999999545,
        0.06333299999994324,
        0.2736659999999347,
        0.2253329999999778,
        0.08554100000003473,
        0.05966599999999289,
        0.11808299999995597,
        0.05779100000006565
      ],
      "statistics": {
        "minMs": 0.05779100000006565,
        "medianMs": 0.11287500000003092,
        "p95Ms": 0.2736659999999347,
        "maxMs": 0.2736659999999347
      },
      "minMs": 0.05779100000006565,
      "medianMs": 0.11287500000003092,
      "p95Ms": 0.2736659999999347,
      "maxMs": 0.2736659999999347,
      "correctness": {
        "order": [
          1,
          2,
          3
        ],
        "startOrder": [
          1,
          2,
          3
        ],
        "finishOrder": [
          1,
          2,
          3
        ],
        "active": 0,
        "maxActive": 1,
        "concurrency": 1
      }
    },
    "snapshot-target": {
      "samples": 10,
      "rawSamples": [
        0.005499999999983629,
        0.00587499999994634,
        0.006957999999940512,
        0.004291999999963991,
        0.008666000000062013,
        0.00825000000008913,
        0.005917000000067674,
        0.00204200000007404,
        0.0013329999999314168,
        0.001209000000017113
      ],
      "statistics": {
        "minMs": 0.001209000000017113,
        "medianMs": 0.00587499999994634,
        "p95Ms": 0.008666000000062013,
        "maxMs": 0.008666000000062013
      },
      "minMs": 0.001209000000017113,
      "medianMs": 0.00587499999994634,
      "p95Ms": 0.008666000000062013,
      "maxMs": 0.008666000000062013,
      "correctness": {
        "truncated": true,
        "totalChars": 29,
        "maxChars": 12,
        "prefix": "button [ref="
      }
    },
    "provider-capability-read": {
      "samples": 10,
      "rawSamples": [
        0.34808399999997164,
        0.41295800000000327,
        0.5154169999999567,
        0.4986669999999549,
        0.47391700000002857,
        0.4328329999999596,
        1.9792079999999714,
        0.39466700000002675,
        0.3892079999999396,
        0.3689170000000104
      ],
      "statistics": {
        "minMs": 0.34808399999997164,
        "medianMs": 0.4328329999999596,
        "p95Ms": 1.9792079999999714,
        "maxMs": 1.9792079999999714
      },
      "minMs": 0.34808399999997164,
      "medianMs": 0.4328329999999596,
      "p95Ms": 1.9792079999999714,
      "maxMs": 1.9792079999999714,
      "correctness": {
        "providers": 6,
        "refusedCode": "unsupported-read-action"
      }
    },
    "stdio-handshake": {
      "samples": 10,
      "rawSamples": [
        1033.9905410000001,
        736.7592500000001,
        739.9510839999998,
        873.4659999999994,
        785.6188329999995,
        529.3041250000006,
        1467.3625000000002,
        1074.5910839999997,
        653.5855409999986,
        1191.1608750000014
      ],
      "statistics": {
        "minMs": 529.3041250000006,
        "medianMs": 873.4659999999994,
        "p95Ms": 1467.3625000000002,
        "maxMs": 1467.3625000000002
      },
      "minMs": 529.3041250000006,
      "medianMs": 873.4659999999994,
      "p95Ms": 1467.3625000000002,
      "maxMs": 1467.3625000000002,
      "correctness": {
        "servers": [
          {
            "server": "hyper-cloaking-mcp",
            "version": "0.0.1"
          },
          {
            "server": "hyper-cloaking-mcp",
            "version": "0.0.1"
          }
        ]
      }
    }
  }
}
